k,class_subset,embedding,clustering,precision,recall,f1
2,"[0, 1]",w2v_self,kmeans,0.8594,0.8655,0.861
2,"[0, 1]",w2v_self,hac,0.8005,0.798,0.7803
2,"[0, 1]",w2v_self,spectral,0.88,0.841,0.8497
2,"[0, 1]",w2v_self,dbscan,0.62,0.5053,0.3801
2,"[0, 1]",w2v_self,hdbscan,0.7991,0.6433,0.62
2,"[0, 2]",w2v_self,kmeans,0.7985,0.7986,0.7982
2,"[0, 2]",w2v_self,hac,0.7981,0.7956,0.7938
2,"[0, 2]",w2v_self,spectral,0.8048,0.8015,0.7995
2,"[0, 2]",w2v_self,dbscan,0.5905,0.5018,0.346
2,"[0, 2]",w2v_self,hdbscan,0.7006,0.5417,0.4349
2,"[0, 3]",w2v_self,kmeans,0.7888,0.8061,0.7882
2,"[0, 3]",w2v_self,hac,0.7696,0.7653,0.7178
2,"[0, 3]",w2v_self,spectral,0.7953,0.8132,0.7913
2,"[0, 3]",w2v_self,dbscan,0.8108,0.5039,0.3911
2,"[0, 3]",w2v_self,hdbscan,0.3047,0.4784,0.3723
2,"[0, 4]",w2v_self,kmeans,0.8718,0.8764,0.8737
2,"[0, 4]",w2v_self,hac,0.832,0.8422,0.8328
2,"[0, 4]",w2v_self,spectral,0.8684,0.8762,0.871
2,"[0, 4]",w2v_self,hdbscan,0.7542,0.6876,0.6229
2,"[1, 2]",w2v_self,kmeans,0.781,0.7827,0.7817
2,"[1, 2]",w2v_self,hac,0.7691,0.7455,0.7487
2,"[1, 2]",w2v_self,spectral,0.8217,0.7666,0.7708
2,"[1, 2]",w2v_self,dbscan,0.4737,0.4947,0.3909
2,"[1, 2]",w2v_self,hdbscan,0.5385,0.5054,0.3433
2,"[1, 3]",w2v_self,kmeans,0.7786,0.7753,0.7648
2,"[1, 3]",w2v_self,hac,0.7692,0.7174,0.6829
2,"[1, 3]",w2v_self,spectral,0.7801,0.7489,0.7245
2,"[1, 3]",w2v_self,dbscan,0.7764,0.5039,0.3638
2,"[1, 3]",w2v_self,hdbscan,0.649,0.5158,0.3986
2,"[1, 4]",w2v_self,kmeans,0.8064,0.8341,0.8117
2,"[1, 4]",w2v_self,hac,0.7883,0.8172,0.79
2,"[1, 4]",w2v_self,spectral,0.8085,0.8363,0.814
2,"[1, 4]",w2v_self,dbscan,0.4938,0.4996,0.4057
2,"[1, 4]",w2v_self,hdbscan,0.6932,0.6511,0.5471
2,"[2, 3]",w2v_self,kmeans,0.5129,0.5133,0.5118
2,"[2, 3]",w2v_self,hac,0.5199,0.5208,0.5158
2,"[2, 3]",w2v_self,spectral,0.4965,0.4968,0.493
2,"[2, 3]",w2v_self,hdbscan,0.512,0.5006,0.3887
2,"[2, 4]",w2v_self,kmeans,0.8115,0.8227,0.8139
2,"[2, 4]",w2v_self,hac,0.7528,0.7529,0.7226
2,"[2, 4]",w2v_self,spectral,0.8033,0.8154,0.7968
2,"[2, 4]",w2v_self,hdbscan,0.6169,0.595,0.5926
2,"[3, 4]",w2v_self,kmeans,0.712,0.7363,0.719
2,"[3, 4]",w2v_self,hac,0.7263,0.7401,0.7319
2,"[3, 4]",w2v_self,spectral,0.6999,0.7364,0.6959
2,"[3, 4]",w2v_self,dbscan,0.7501,0.5219,0.4603
2,"[3, 4]",w2v_self,hdbscan,0.6692,0.6433,0.6512
3,"[0, 1, 2]",w2v_self,kmeans,0.725,0.7209,0.7226
3,"[0, 1, 2]",w2v_self,hac,0.7436,0.6825,0.6921
3,"[0, 1, 2]",w2v_self,spectral,0.7591,0.7037,0.7113
3,"[0, 1, 2]",w2v_self,hdbscan,0.6376,0.4142,0.334
3,"[0, 1, 3]",w2v_self,kmeans,0.7288,0.7162,0.7109
3,"[0, 1, 3]",w2v_self,hac,0.7558,0.6702,0.6492
3,"[0, 1, 3]",w2v_self,spectral,0.7434,0.702,0.6899
3,"[0, 1, 4]",w2v_self,kmeans,0.7869,0.7985,0.7912
3,"[0, 1, 4]",w2v_self,hac,0.7836,0.7511,0.7505
3,"[0, 1, 4]",w2v_self,spectral,0.8131,0.7725,0.7794
3,"[0, 1, 4]",w2v_self,hdbscan,0.759,0.507,0.4643
3,"[0, 2, 3]",w2v_self,kmeans,0.5937,0.5925,0.5915
3,"[0, 2, 3]",w2v_self,hac,0.5691,0.534,0.5121
3,"[0, 2, 3]",w2v_self,spectral,0.6007,0.5621,0.5405
3,"[0, 2, 3]",w2v_self,hdbscan,0.539,0.3656,0.2608
3,"[0, 2, 4]",w2v_self,kmeans,0.7391,0.7419,0.7392
3,"[0, 2, 4]",w2v_self,hac,0.7137,0.7015,0.7029
3,"[0, 2, 4]",w2v_self,spectral,0.7378,0.72,0.7123
3,"[0, 3, 4]",w2v_self,kmeans,0.702,0.7033,0.6969
3,"[0, 3, 4]",w2v_self,hac,0.7042,0.6774,0.6681
3,"[0, 3, 4]",w2v_self,spectral,0.6511,0.6094,0.5558
3,"[0, 3, 4]",w2v_self,hdbscan,0.489,0.3198,0.2977
3,"[1, 2, 3]",w2v_self,kmeans,0.5489,0.5355,0.5408
3,"[1, 2, 3]",w2v_self,hac,0.5774,0.5016,0.5089
3,"[1, 2, 3]",w2v_self,spectral,0.5597,0.5022,0.5134
3,"[1, 2, 3]",w2v_self,hdbscan,0.2454,0.331,0.1731
3,"[1, 2, 4]",w2v_self,kmeans,0.7117,0.7248,0.7151
3,"[1, 2, 4]",w2v_self,hac,0.6754,0.6806,0.6625
3,"[1, 2, 4]",w2v_self,spectral,0.763,0.719,0.72
3,"[1, 2, 4]",w2v_self,hdbscan,0.407,0.3506,0.288
3,"[1, 3, 4]",w2v_self,kmeans,0.6672,0.6737,0.6669
3,"[1, 3, 4]",w2v_self,hac,0.6912,0.6344,0.6266
3,"[1, 3, 4]",w2v_self,spectral,0.7023,0.6543,0.6423
3,"[1, 3, 4]",w2v_self,hdbscan,0.4563,0.3584,0.3239
3,"[2, 3, 4]",w2v_self,kmeans,0.5605,0.5568,0.5571
3,"[2, 3, 4]",w2v_self,hac,0.5372,0.5237,0.5214
3,"[2, 3, 4]",w2v_self,spectral,0.4939,0.4172,0.4054
3,"[2, 3, 4]",w2v_self,hdbscan,0.4511,0.4016,0.3594
4,"[0, 1, 2, 3]",w2v_self,kmeans,0.5669,0.5652,0.5656
4,"[0, 1, 2, 3]",w2v_self,hac,0.6001,0.5371,0.5477
4,"[0, 1, 2, 3]",w2v_self,spectral,0.6159,0.5461,0.5418
4,"[0, 1, 2, 4]",w2v_self,kmeans,0.6952,0.6948,0.6934
4,"[0, 1, 2, 4]",w2v_self,hac,0.6789,0.6304,0.6418
4,"[0, 1, 2, 4]",w2v_self,spectral,0.7242,0.6692,0.675
4,"[0, 1, 2, 4]",w2v_self,hdbscan,0.597,0.3753,0.3118
4,"[0, 1, 3, 4]",w2v_self,kmeans,0.6649,0.6578,0.6568
4,"[0, 1, 3, 4]",w2v_self,hac,0.5613,0.5485,0.5466
4,"[0, 1, 3, 4]",w2v_self,spectral,0.6889,0.6041,0.5953
4,"[0, 2, 3, 4]",w2v_self,kmeans,0.5418,0.5235,0.5283
4,"[0, 2, 3, 4]",w2v_self,hac,0.5588,0.4936,0.495
4,"[0, 2, 3, 4]",w2v_self,spectral,0.5075,0.4895,0.4886
4,"[0, 2, 3, 4]",w2v_self,hdbscan,0.4139,0.307,0.2071
4,"[1, 2, 3, 4]",w2v_self,kmeans,0.5523,0.5459,0.548
4,"[1, 2, 3, 4]",w2v_self,hac,0.4533,0.4762,0.4597
4,"[1, 2, 3, 4]",w2v_self,spectral,0.5536,0.444,0.458
5,"[0, 1, 2, 3, 4]",w2v_self,kmeans,0.5533,0.5397,0.5436
5,"[0, 1, 2, 3, 4]",w2v_self,hac,0.5149,0.5075,0.5088
5,"[0, 1, 2, 3, 4]",w2v_self,spectral,0.5108,0.4402,0.4612
2,"[0, 1]",w2v_pretrained,kmeans,0.8902,0.8945,0.8918
2,"[0, 1]",w2v_pretrained,hac,0.8498,0.7561,0.7615
2,"[0, 1]",w2v_pretrained,spectral,0.8904,0.8659,0.873
2,"[0, 1]",w2v_pretrained,hdbscan,0.7555,0.5141,0.3947
2,"[0, 2]",w2v_pretrained,kmeans,0.811,0.8093,0.8079
2,"[0, 2]",w2v_pretrained,hac,0.7679,0.764,0.7615
2,"[0, 2]",w2v_pretrained,spectral,0.7891,0.7893,0.7891
2,"[0, 2]",w2v_pretrained,dbscan,0.7595,0.511,0.3632
2,"[0, 2]",w2v_pretrained,hdbscan,0.7236,0.5102,0.3628
2,"[0, 3]",w2v_pretrained,kmeans,0.7969,0.8144,0.7891
2,"[0, 3]",w2v_pretrained,hac,0.7737,0.7861,0.7769
2,"[0, 3]",w2v_pretrained,spectral,0.7771,0.7919,0.7794
2,"[0, 3]",w2v_pretrained,dbscan,0.7435,0.521,0.4302
2,"[0, 3]",w2v_pretrained,hdbscan,0.8114,0.5065,0.3967
2,"[0, 4]",w2v_pretrained,kmeans,0.846,0.8551,0.8482
2,"[0, 4]",w2v_pretrained,hac,0.8028,0.8053,0.7826
2,"[0, 4]",w2v_pretrained,spectral,0.8641,0.8747,0.8659
2,"[0, 4]",w2v_pretrained,hdbscan,0.4351,0.4362,0.4354
2,"[1, 2]",w2v_pretrained,kmeans,0.8562,0.8449,0.8484
2,"[1, 2]",w2v_pretrained,hac,0.7579,0.7601,0.7527
2,"[1, 2]",w2v_pretrained,spectral,0.8359,0.8317,0.8333
2,"[1, 2]",w2v_pretrained,dbscan,0.722,0.5025,0.3125
2,"[1, 2]",w2v_pretrained,hdbscan,0.5351,0.5214,0.4857
2,"[1, 3]",w2v_pretrained,kmeans,0.7833,0.7862,0.782
2,"[1, 3]",w2v_pretrained,hac,0.7559,0.7579,0.7564
2,"[1, 3]",w2v_pretrained,spectral,0.7706,0.7668,0.7681
2,"[1, 3]",w2v_pretrained,dbscan,0.7767,0.5052,0.3666
2,"[1, 3]",w2v_pretrained,hdbscan,0.6269,0.5059,0.3734
2,"[1, 4]",w2v_pretrained,kmeans,0.8335,0.8436,0.8379
2,"[1, 4]",w2v_pretrained,hac,0.8176,0.7792,0.7923
2,"[1, 4]",w2v_pretrained,spectral,0.897,0.8028,0.8276
2,"[1, 4]",w2v_pretrained,dbscan,0.6732,0.5017,0.2606
2,"[2, 3]",w2v_pretrained,kmeans,0.4866,0.4862,0.4855
2,"[2, 3]",w2v_pretrained,hac,0.4517,0.4647,0.444
2,"[2, 3]",w2v_pretrained,spectral,0.4651,0.4653,0.4652
2,"[2, 3]",w2v_pretrained,hdbscan,0.6551,0.5066,0.396
2,"[2, 4]",w2v_pretrained,kmeans,0.7919,0.8036,0.7928
2,"[2, 4]",w2v_pretrained,hac,0.7241,0.6925,0.6381
2,"[2, 4]",w2v_pretrained,spectral,0.7949,0.8007,0.7972
2,"[2, 4]",w2v_pretrained,hdbscan,0.6709,0.5882,0.4794
2,"[3, 4]",w2v_pretrained,kmeans,0.6547,0.677,0.6574
2,"[3, 4]",w2v_pretrained,hac,0.7481,0.6858,0.702
2,"[3, 4]",w2v_pretrained,spectral,0.6291,0.5085,0.436
2,"[3, 4]",w2v_pretrained,dbscan,0.6511,0.5028,0.2376
2,"[3, 4]",w2v_pretrained,hdbscan,0.5681,0.5708,0.5691
3,"[0, 1, 2]",w2v_pretrained,kmeans,0.7447,0.7426,0.7426
3,"[0, 1, 2]",w2v_pretrained,hac,0.7323,0.6791,0.689
3,"[0, 1, 2]",w2v_pretrained,spectral,0.5426,0.5679,0.4693
3,"[0, 1, 2]",w2v_pretrained,dbscan,0.6097,0.3431,0.2027
3,"[0, 1, 2]",w2v_pretrained,hdbscan,0.7012,0.3477,0.2126
3,"[0, 1, 3]",w2v_pretrained,kmeans,0.6801,0.6562,0.642
3,"[0, 1, 3]",w2v_pretrained,hac,0.6102,0.5793,0.5584
3,"[0, 1, 3]",w2v_pretrained,spectral,0.708,0.7107,0.707
3,"[0, 1, 4]",w2v_pretrained,kmeans,0.7648,0.7839,0.7677
3,"[0, 1, 4]",w2v_pretrained,hac,0.7704,0.7414,0.7456
3,"[0, 1, 4]",w2v_pretrained,spectral,0.8272,0.7788,0.7873
3,"[0, 2, 3]",w2v_pretrained,kmeans,0.5379,0.5029,0.4857
3,"[0, 2, 3]",w2v_pretrained,hac,0.5128,0.467,0.4472
3,"[0, 2, 3]",w2v_pretrained,spectral,0.5346,0.5084,0.4969
3,"[0, 2, 4]",w2v_pretrained,kmeans,0.7131,0.7118,0.7117
3,"[0, 2, 4]",w2v_pretrained,hac,0.6526,0.6461,0.6448
3,"[0, 2, 4]",w2v_pretrained,spectral,0.715,0.7094,0.7102
3,"[0, 3, 4]",w2v_pretrained,kmeans,0.6518,0.6035,0.6065
3,"[0, 3, 4]",w2v_pretrained,hac,0.6475,0.5332,0.5245
3,"[0, 3, 4]",w2v_pretrained,spectral,0.6601,0.5857,0.531
3,"[0, 3, 4]",w2v_pretrained,dbscan,0.4103,0.2391,0.1596
3,"[1, 2, 3]",w2v_pretrained,kmeans,0.4832,0.5068,0.4897
3,"[1, 2, 3]",w2v_pretrained,hac,0.5092,0.512,0.4972
3,"[1, 2, 3]",w2v_pretrained,spectral,0.6131,0.561,0.5071
3,"[1, 2, 3]",w2v_pretrained,hdbscan,0.3964,0.3486,0.2036
3,"[1, 2, 4]",w2v_pretrained,kmeans,0.7302,0.7425,0.7332
3,"[1, 2, 4]",w2v_pretrained,hac,0.6574,0.6723,0.6541
3,"[1, 2, 4]",w2v_pretrained,spectral,0.5287,0.4814,0.421
3,"[1, 2, 4]",w2v_pretrained,dbscan,0.4029,0.3893,0.3189
3,"[1, 2, 4]",w2v_pretrained,hdbscan,0.5997,0.3897,0.2848
3,"[1, 3, 4]",w2v_pretrained,kmeans,0.6246,0.6447,0.6222
3,"[1, 3, 4]",w2v_pretrained,hac,0.5294,0.5085,0.4331
3,"[1, 3, 4]",w2v_pretrained,spectral,0.6675,0.5427,0.5125
3,"[2, 3, 4]",w2v_pretrained,kmeans,0.4307,0.4469,0.4347
3,"[2, 3, 4]",w2v_pretrained,hac,0.4006,0.4253,0.4038
3,"[2, 3, 4]",w2v_pretrained,spectral,0.6077,0.5249,0.4739
3,"[2, 3, 4]",w2v_pretrained,dbscan,0.3229,0.4047,0.3548
3,"[2, 3, 4]",w2v_pretrained,hdbscan,0.4524,0.3855,0.29
4,"[0, 1, 2, 3]",w2v_pretrained,kmeans,0.502,0.4948,0.475
4,"[0, 1, 2, 3]",w2v_pretrained,hac,0.4666,0.4224,0.3853
4,"[0, 1, 2, 3]",w2v_pretrained,spectral,0.5495,0.5463,0.5023
4,"[0, 1, 2, 4]",w2v_pretrained,kmeans,0.6523,0.6385,0.6292
4,"[0, 1, 2, 4]",w2v_pretrained,hac,0.5963,0.5495,0.538
4,"[0, 1, 2, 4]",w2v_pretrained,spectral,0.6009,0.583,0.5339
4,"[0, 1, 3, 4]",w2v_pretrained,kmeans,0.6362,0.6104,0.6031
4,"[0, 1, 3, 4]",w2v_pretrained,hac,0.6095,0.5651,0.5477
4,"[0, 1, 3, 4]",w2v_pretrained,spectral,0.6432,0.5816,0.5501
4,"[0, 1, 3, 4]",w2v_pretrained,dbscan,0.5144,0.201,0.1092
4,"[0, 2, 3, 4]",w2v_pretrained,kmeans,0.5688,0.5124,0.5246
4,"[0, 2, 3, 4]",w2v_pretrained,hac,0.4725,0.41,0.3936
4,"[0, 2, 3, 4]",w2v_pretrained,spectral,0.5851,0.5436,0.513
4,"[0, 2, 3, 4]",w2v_pretrained,dbscan,0.3268,0.2109,0.1068
4,"[1, 2, 3, 4]",w2v_pretrained,kmeans,0.493,0.5061,0.4902
4,"[1, 2, 3, 4]",w2v_pretrained,hac,0.4316,0.4079,0.3571
4,"[1, 2, 3, 4]",w2v_pretrained,spectral,0.3641,0.369,0.3005
5,"[0, 1, 2, 3, 4]",w2v_pretrained,kmeans,0.5233,0.502,0.499
5,"[0, 1, 2, 3, 4]",w2v_pretrained,hac,0.4511,0.4508,0.4491
5,"[0, 1, 2, 3, 4]",w2v_pretrained,spectral,0.4058,0.4051,0.355
2,"[0, 1]",fasttext_pretrained,kmeans,0.8782,0.8817,0.8797
2,"[0, 1]",fasttext_pretrained,hac,0.8556,0.8348,0.8408
2,"[0, 1]",fasttext_pretrained,spectral,0.8958,0.8731,0.8799
2,"[0, 1]",fasttext_pretrained,hdbscan,0.7877,0.5096,0.384
2,"[0, 2]",fasttext_pretrained,kmeans,0.7918,0.7898,0.7882
2,"[0, 2]",fasttext_pretrained,hac,0.7604,0.7473,0.7415
2,"[0, 2]",fasttext_pretrained,spectral,0.7904,0.7894,0.7883
2,"[0, 2]",fasttext_pretrained,dbscan,0.7574,0.5025,0.3449
2,"[0, 2]",fasttext_pretrained,hdbscan,0.2558,0.496,0.3375
2,"[0, 3]",fasttext_pretrained,kmeans,0.7846,0.8015,0.7778
2,"[0, 3]",fasttext_pretrained,hac,0.7749,0.7874,0.7556
2,"[0, 3]",fasttext_pretrained,spectral,0.7896,0.8071,0.7845
2,"[0, 3]",fasttext_pretrained,dbscan,0.8108,0.5039,0.3911
2,"[0, 3]",fasttext_pretrained,hdbscan,0.8108,0.5039,0.3911
2,"[0, 4]",fasttext_pretrained,kmeans,0.835,0.8442,0.8369
2,"[0, 4]",fasttext_pretrained,hac,0.7969,0.8009,0.7799
2,"[0, 4]",fasttext_pretrained,spectral,0.8424,0.8526,0.8372
2,"[0, 4]",fasttext_pretrained,dbscan,0.4678,0.4886,0.4188
2,"[0, 4]",fasttext_pretrained,hdbscan,0.7071,0.5039,0.3007
2,"[1, 2]",fasttext_pretrained,kmeans,0.803,0.807,0.802
2,"[1, 2]",fasttext_pretrained,hac,0.8451,0.8012,0.8072
2,"[1, 2]",fasttext_pretrained,spectral,0.529,0.5015,0.3711
2,"[1, 3]",fasttext_pretrained,kmeans,0.7457,0.7414,0.7427
2,"[1, 3]",fasttext_pretrained,hac,0.727,0.7274,0.7272
2,"[1, 3]",fasttext_pretrained,spectral,0.7912,0.7936,0.7918
2,"[1, 3]",fasttext_pretrained,hdbscan,0.7777,0.5091,0.375
2,"[1, 4]",fasttext_pretrained,kmeans,0.7302,0.7365,0.6726
2,"[1, 4]",fasttext_pretrained,hac,0.676,0.692,0.6526
2,"[1, 4]",fasttext_pretrained,spectral,0.3409,0.447,0.3771
2,"[1, 4]",fasttext_pretrained,dbscan,0.5538,0.5272,0.5026
2,"[1, 4]",fasttext_pretrained,hdbscan,0.5458,0.5458,0.5458
2,"[2, 3]",fasttext_pretrained,kmeans,0.5296,0.5295,0.5046
2,"[2, 3]",fasttext_pretrained,hac,0.5208,0.5168,0.455
2,"[2, 3]",fasttext_pretrained,spectral,0.4393,0.4762,0.4139
2,"[2, 3]",fasttext_pretrained,hdbscan,0.4978,0.499,0.4555
2,"[2, 4]",fasttext_pretrained,kmeans,0.7604,0.7713,0.7594
2,"[2, 4]",fasttext_pretrained,hac,0.6715,0.6715,0.6715
2,"[2, 4]",fasttext_pretrained,spectral,0.303,0.4423,0.3515
2,"[2, 4]",fasttext_pretrained,hdbscan,0.564,0.5662,0.5534
2,"[3, 4]",fasttext_pretrained,kmeans,0.4061,0.428,0.4131
2,"[3, 4]",fasttext_pretrained,hac,0.442,0.4484,0.4439
2,"[3, 4]",fasttext_pretrained,spectral,0.4131,0.462,0.4198
2,"[3, 4]",fasttext_pretrained,hdbscan,0.581,0.5908,0.5815
3,"[0, 1, 2]",fasttext_pretrained,kmeans,0.6643,0.6711,0.6573
3,"[0, 1, 2]",fasttext_pretrained,hac,0.7352,0.6875,0.6946
3,"[0, 1, 2]",fasttext_pretrained,spectral,0.5572,0.5587,0.4683
3,"[0, 1, 3]",fasttext_pretrained,kmeans,0.6673,0.6621,0.6535
3,"[0, 1, 3]",fasttext_pretrained,hac,0.6335,0.5989,0.5806
3,"[0, 1, 3]",fasttext_pretrained,spectral,0.6881,0.6908,0.6866
3,"[0, 1, 4]",fasttext_pretrained,kmeans,0.7455,0.7634,0.7453
3,"[0, 1, 4]",fasttext_pretrained,hac,0.4415,0.4644,0.4452
3,"[0, 1, 4]",fasttext_pretrained,spectral,0.662,0.6296,0.5166
3,"[0, 2, 3]",fasttext_pretrained,kmeans,0.544,0.541,0.5256
3,"[0, 2, 3]",fasttext_pretrained,hac,0.5384,0.5255,0.5274
3,"[0, 2, 3]",fasttext_pretrained,spectral,0.5184,0.5346,0.4834
3,"[0, 2, 3]",fasttext_pretrained,dbscan,0.4634,0.3334,0.1902
3,"[0, 2, 4]",fasttext_pretrained,kmeans,0.3986,0.4822,0.4301
3,"[0, 2, 4]",fasttext_pretrained,hac,0.6975,0.6282,0.6288
3,"[0, 2, 4]",fasttext_pretrained,spectral,0.4239,0.5057,0.4527
3,"[0, 3, 4]",fasttext_pretrained,kmeans,0.4782,0.5126,0.4895
3,"[0, 3, 4]",fasttext_pretrained,hac,0.4809,0.527,0.4904
3,"[0, 3, 4]",fasttext_pretrained,spectral,0.5115,0.5396,0.5143
3,"[1, 2, 3]",fasttext_pretrained,kmeans,0.5646,0.5407,0.543
3,"[1, 2, 3]",fasttext_pretrained,hac,0.5151,0.5268,0.5018
3,"[1, 2, 3]",fasttext_pretrained,spectral,0.5299,0.5332,0.4636
3,"[1, 2, 4]",fasttext_pretrained,kmeans,0.6657,0.6782,0.6497
3,"[1, 2, 4]",fasttext_pretrained,hac,0.4054,0.4349,0.4041
3,"[1, 2, 4]",fasttext_pretrained,spectral,0.3219,0.3013,0.2062
3,"[1, 3, 4]",fasttext_pretrained,kmeans,0.5272,0.5246,0.4484
3,"[1, 3, 4]",fasttext_pretrained,hac,0.5164,0.5377,0.4777
3,"[1, 3, 4]",fasttext_pretrained,spectral,0.3681,0.3481,0.1964
3,"[2, 3, 4]",fasttext_pretrained,kmeans,0.3893,0.4041,0.3946
3,"[2, 3, 4]",fasttext_pretrained,hac,0.422,0.4545,0.4196
3,"[2, 3, 4]",fasttext_pretrained,spectral,0.407,0.3831,0.3562
4,"[0, 1, 2, 3]",fasttext_pretrained,kmeans,0.4736,0.4673,0.4422
4,"[0, 1, 2, 3]",fasttext_pretrained,hac,0.4448,0.428,0.3938
4,"[0, 1, 2, 3]",fasttext_pretrained,spectral,0.5378,0.5354,0.4895
4,"[0, 1, 2, 4]",fasttext_pretrained,kmeans,0.5793,0.543,0.5003
4,"[0, 1, 2, 4]",fasttext_pretrained,hac,0.5874,0.5151,0.4565
4,"[0, 1, 2, 4]",fasttext_pretrained,spectral,0.3668,0.4021,0.3162
4,"[0, 1, 3, 4]",fasttext_pretrained,kmeans,0.5637,0.5044,0.4642
4,"[0, 1, 3, 4]",fasttext_pretrained,hac,0.3885,0.3403,0.3345
4,"[0, 1, 3, 4]",fasttext_pretrained,spectral,0.5471,0.4846,0.3741
4,"[0, 2, 3, 4]",fasttext_pretrained,kmeans,0.4337,0.4406,0.4363
4,"[0, 2, 3, 4]",fasttext_pretrained,hac,0.4417,0.4574,0.4471
4,"[0, 2, 3, 4]",fasttext_pretrained,spectral,0.4285,0.4311,0.4144
4,"[1, 2, 3, 4]",fasttext_pretrained,kmeans,0.425,0.4373,0.4293
4,"[1, 2, 3, 4]",fasttext_pretrained,hac,0.4044,0.4375,0.4079
4,"[1, 2, 3, 4]",fasttext_pretrained,spectral,0.3345,0.3371,0.2913
5,"[0, 1, 2, 3, 4]",fasttext_pretrained,kmeans,0.4561,0.4574,0.456
5,"[0, 1, 2, 3, 4]",fasttext_pretrained,hac,0.3371,0.3073,0.3047
5,"[0, 1, 2, 3, 4]",fasttext_pretrained,spectral,0.3451,0.3075,0.2201
2,"[0, 1]",glove_pretrained,kmeans,0.8764,0.8809,0.878
2,"[0, 1]",glove_pretrained,hac,0.8331,0.8006,0.8074
2,"[0, 1]",glove_pretrained,spectral,0.8997,0.8884,0.8926
2,"[0, 1]",glove_pretrained,dbscan,0.3161,0.4899,0.3604
2,"[0, 1]",glove_pretrained,hdbscan,0.7368,0.5164,0.4009
2,"[0, 2]",glove_pretrained,kmeans,0.7814,0.7815,0.781
2,"[0, 2]",glove_pretrained,hac,0.7326,0.7328,0.7325
2,"[0, 2]",glove_pretrained,spectral,0.7904,0.7888,0.7874
2,"[0, 2]",glove_pretrained,dbscan,0.7576,0.5034,0.3467
2,"[0, 2]",glove_pretrained,hdbscan,0.7589,0.5084,0.3577
2,"[0, 3]",glove_pretrained,kmeans,0.7806,0.7973,0.7738
2,"[0, 3]",glove_pretrained,hac,0.6998,0.6845,0.6293
2,"[0, 3]",glove_pretrained,spectral,0.7847,0.8009,0.7744
2,"[0, 4]",glove_pretrained,kmeans,0.8265,0.8355,0.8283
2,"[0, 4]",glove_pretrained,hac,0.8118,0.8202,0.8038
2,"[0, 4]",glove_pretrained,spectral,0.8526,0.8626,0.8544
2,"[0, 4]",glove_pretrained,dbscan,0.4512,0.4549,0.4252
2,"[0, 4]",glove_pretrained,hdbscan,0.463,0.4621,0.4543
2,"[1, 2]",glove_pretrained,kmeans,0.8024,0.8064,0.8012
2,"[1, 2]",glove_pretrained,hac,0.7369,0.7394,0.7328
2,"[1, 2]",glove_pretrained,spectral,0.8506,0.8422,0.845
2,"[1, 2]",glove_pretrained,dbscan,0.693,0.5116,0.334
2,"[1, 2]",glove_pretrained,hdbscan,0.7228,0.5059,0.3199
2,"[1, 3]",glove_pretrained,kmeans,0.7474,0.7311,0.7332
2,"[1, 3]",glove_pretrained,hac,0.7151,0.7067,0.7082
2,"[1, 3]",glove_pretrained,spectral,0.7608,0.7576,0.7587
2,"[1, 3]",glove_pretrained,hdbscan,0.7771,0.5065,0.3694
2,"[1, 4]",glove_pretrained,kmeans,0.8452,0.8371,0.8409
2,"[1, 4]",glove_pretrained,hac,0.867,0.7401,0.7625
2,"[1, 4]",glove_pretrained,spectral,0.8934,0.7748,0.8004
2,"[1, 4]",glove_pretrained,dbscan,0.5612,0.5181,0.4681
2,"[1, 4]",glove_pretrained,hdbscan,0.5319,0.529,0.5284
2,"[2, 3]",glove_pretrained,kmeans,0.5175,0.5177,0.4964
2,"[2, 3]",glove_pretrained,hac,0.5564,0.5552,0.5555
2,"[2, 3]",glove_pretrained,spectral,0.5343,0.5286,0.4716
2,"[2, 3]",glove_pretrained,dbscan,0.3027,0.4966,0.3761
2,"[2, 3]",glove_pretrained,hdbscan,0.5029,0.5022,0.4888
2,"[2, 4]",glove_pretrained,kmeans,0.7517,0.7541,0.7528
2,"[2, 4]",glove_pretrained,hac,0.7747,0.7703,0.7723
2,"[2, 4]",glove_pretrained,spectral,0.7565,0.756,0.7562
2,"[2, 4]",glove_pretrained,dbscan,0.62,0.5375,0.48
2,"[2, 4]",glove_pretrained,hdbscan,0.59,0.5468,0.5162
2,"[3, 4]",glove_pretrained,kmeans,0.6171,0.6228,0.6193
2,"[3, 4]",glove_pretrained,hac,0.5908,0.607,0.5832
2,"[3, 4]",glove_pretrained,spectral,0.643,0.6439,0.6434
2,"[3, 4]",glove_pretrained,dbscan,0.6052,0.5358,0.5084
2,"[3, 4]",glove_pretrained,hdbscan,0.5795,0.5464,0.5386
3,"[0, 1, 2]",glove_pretrained,kmeans,0.6473,0.6468,0.6293
3,"[0, 1, 2]",glove_pretrained,hac,0.6253,0.6041,0.5952
3,"[0, 1, 2]",glove_pretrained,spectral,0.7466,0.7347,0.739
3,"[0, 1, 3]",glove_pretrained,kmeans,0.6395,0.6275,0.6143
3,"[0, 1, 3]",glove_pretrained,hac,0.6029,0.596,0.569
3,"[0, 1, 3]",glove_pretrained,spectral,0.6656,0.662,0.6537
3,"[0, 1, 3]",glove_pretrained,hdbscan,0.3861,0.3356,0.2033
3,"[0, 1, 4]",glove_pretrained,kmeans,0.7681,0.7756,0.7681
3,"[0, 1, 4]",glove_pretrained,hac,0.7543,0.71,0.7118
3,"[0, 1, 4]",glove_pretrained,spectral,0.8171,0.7621,0.7722
3,"[0, 1, 4]",glove_pretrained,dbscan,0.2316,0.3311,0.2279
3,"[0, 2, 3]",glove_pretrained,kmeans,0.529,0.512,0.5
3,"[0, 2, 3]",glove_pretrained,hac,0.5181,0.4993,0.4985
3,"[0, 2, 3]",glove_pretrained,spectral,0.5378,0.5175,0.4947
3,"[0, 2, 4]",glove_pretrained,kmeans,0.6077,0.6036,0.6037
3,"[0, 2, 4]",glove_pretrained,hac,0.5715,0.568,0.5689
3,"[0, 2, 4]",glove_pretrained,spectral,0.6978,0.6551,0.6604
3,"[0, 2, 4]",glove_pretrained,dbscan,0.5147,0.32,0.2617
3,"[0, 3, 4]",glove_pretrained,kmeans,0.6086,0.5899,0.5941
3,"[0, 3, 4]",glove_pretrained,hac,0.5024,0.4968,0.497
3,"[0, 3, 4]",glove_pretrained,spectral,0.6439,0.6026,0.6083
3,"[0, 3, 4]",glove_pretrained,dbscan,0.2666,0.3177,0.1321
3,"[1, 2, 3]",glove_pretrained,kmeans,0.559,0.5358,0.5354
3,"[1, 2, 3]",glove_pretrained,hac,0.4595,0.4772,0.452
3,"[1, 2, 3]",glove_pretrained,spectral,0.4644,0.4837,0.4511
3,"[1, 2, 4]",glove_pretrained,kmeans,0.6638,0.6751,0.6513
3,"[1, 2, 4]",glove_pretrained,hac,0.6959,0.6084,0.6289
3,"[1, 2, 4]",glove_pretrained,spectral,0.7524,0.6753,0.6955
3,"[1, 3, 4]",glove_pretrained,kmeans,0.6242,0.6459,0.6268
3,"[1, 3, 4]",glove_pretrained,hac,0.5264,0.5111,0.4323
3,"[1, 3, 4]",glove_pretrained,spectral,0.6759,0.6013,0.6211
3,"[1, 3, 4]",glove_pretrained,dbscan,0.5346,0.3353,0.1459
3,"[2, 3, 4]",glove_pretrained,kmeans,0.4928,0.4425,0.436
3,"[2, 3, 4]",glove_pretrained,hac,0.3926,0.4191,0.3965
3,"[2, 3, 4]",glove_pretrained,spectral,0.4796,0.4566,0.4467
3,"[2, 3, 4]",glove_pretrained,hdbscan,0.4713,0.3848,0.338
4,"[0, 1, 2, 3]",glove_pretrained,kmeans,0.4966,0.4891,0.4747
4,"[0, 1, 2, 3]",glove_pretrained,hac,0.456,0.4201,0.3855
4,"[0, 1, 2, 3]",glove_pretrained,spectral,0.5552,0.5435,0.4989
4,"[0, 1, 2, 4]",glove_pretrained,kmeans,0.5812,0.591,0.5738
4,"[0, 1, 2, 4]",glove_pretrained,hac,0.6477,0.5645,0.5829
4,"[0, 1, 2, 4]",glove_pretrained,spectral,0.5888,0.5689,0.5193
4,"[0, 1, 3, 4]",glove_pretrained,kmeans,0.6,0.6029,0.5914
4,"[0, 1, 3, 4]",glove_pretrained,hac,0.5726,0.5716,0.5653
4,"[0, 1, 3, 4]",glove_pretrained,spectral,0.6784,0.6066,0.6251
4,"[0, 2, 3, 4]",glove_pretrained,kmeans,0.4991,0.4581,0.4556
4,"[0, 2, 3, 4]",glove_pretrained,hac,0.5035,0.4392,0.4441
4,"[0, 2, 3, 4]",glove_pretrained,spectral,0.5197,0.4645,0.4701
4,"[0, 2, 3, 4]",glove_pretrained,dbscan,0.299,0.2114,0.1252
4,"[1, 2, 3, 4]",glove_pretrained,kmeans,0.5194,0.4744,0.4772
4,"[1, 2, 3, 4]",glove_pretrained,hac,0.466,0.4122,0.3619
4,"[1, 2, 3, 4]",glove_pretrained,spectral,0.5473,0.4716,0.4792
5,"[0, 1, 2, 3, 4]",glove_pretrained,kmeans,0.4921,0.4916,0.4822
5,"[0, 1, 2, 3, 4]",glove_pretrained,hac,0.5004,0.4334,0.4439
5,"[0, 1, 2, 3, 4]",glove_pretrained,spectral,0.5908,0.5115,0.5035
2,"[0, 1]",sbert,kmeans,0.8939,0.8844,0.8881
2,"[0, 1]",sbert,hac,0.865,0.8401,0.8469
2,"[0, 1]",sbert,spectral,0.786,0.7918,0.7847
2,"[0, 1]",sbert,hdbscan,0.7555,0.5141,0.3947
2,"[0, 2]",sbert,kmeans,0.7554,0.7555,0.7554
2,"[0, 2]",sbert,hac,0.7621,0.7596,0.7577
2,"[0, 2]",sbert,spectral,0.713,0.712,0.7122
2,"[0, 2]",sbert,hdbscan,0.6652,0.5086,0.362
2,"[0, 3]",sbert,kmeans,0.7631,0.7791,0.7591
2,"[0, 3]",sbert,hac,0.7645,0.7755,0.7429
2,"[0, 3]",sbert,spectral,0.5684,0.5518,0.5446
2,"[0, 3]",sbert,hdbscan,0.3826,0.4903,0.3843
2,"[0, 4]",sbert,kmeans,0.8694,0.8805,0.8707
2,"[0, 4]",sbert,hac,0.8139,0.8183,0.797
2,"[0, 4]",sbert,spectral,0.8467,0.8575,0.8436
2,"[0, 4]",sbert,hdbscan,0.422,0.478,0.3931
2,"[1, 2]",sbert,kmeans,0.8308,0.8234,0.8259
2,"[1, 2]",sbert,hac,0.841,0.7723,0.7766
2,"[1, 2]",sbert,spectral,0.8083,0.8035,0.8053
2,"[1, 2]",sbert,dbscan,0.6462,0.5072,0.3263
2,"[1, 2]",sbert,hdbscan,0.5511,0.5479,0.5458
2,"[1, 3]",sbert,kmeans,0.7925,0.7805,0.7652
2,"[1, 3]",sbert,hac,0.7472,0.6881,0.647
2,"[1, 3]",sbert,spectral,0.7533,0.748,0.7495
2,"[1, 3]",sbert,hdbscan,0.5627,0.5061,0.3837
2,"[1, 4]",sbert,kmeans,0.8266,0.8544,0.8333
2,"[1, 4]",sbert,hac,0.7098,0.7318,0.7056
2,"[1, 4]",sbert,spectral,0.8842,0.8098,0.8317
2,"[1, 4]",sbert,dbscan,0.6744,0.5371,0.337
2,"[1, 4]",sbert,hdbscan,0.6182,0.6306,0.6067
2,"[2, 3]",sbert,kmeans,0.4983,0.4982,0.4956
2,"[2, 3]",sbert,hac,0.5008,0.5008,0.4997
2,"[2, 3]",sbert,spectral,0.5213,0.5222,0.5126
2,"[2, 3]",sbert,dbscan,0.4025,0.4959,0.3801
2,"[2, 3]",sbert,hdbscan,0.4221,0.4857,0.3922
2,"[2, 4]",sbert,kmeans,0.7952,0.807,0.7886
2,"[2, 4]",sbert,hac,0.7684,0.7723,0.7447
2,"[2, 4]",sbert,spectral,0.7737,0.761,0.7656
2,"[2, 4]",sbert,dbscan,0.5978,0.5104,0.4111
2,"[2, 4]",sbert,hdbscan,0.639,0.6365,0.6066
2,"[3, 4]",sbert,kmeans,0.6799,0.7112,0.679
2,"[3, 4]",sbert,hac,0.681,0.7077,0.6848
2,"[3, 4]",sbert,spectral,0.6627,0.6697,0.6657
2,"[3, 4]",sbert,dbscan,0.6508,0.5017,0.2351
2,"[3, 4]",sbert,hdbscan,0.5928,0.553,0.5459
3,"[0, 1, 2]",sbert,kmeans,0.7304,0.7218,0.7252
3,"[0, 1, 2]",sbert,hac,0.7231,0.6396,0.6484
3,"[0, 1, 2]",sbert,spectral,0.4587,0.374,0.3136
3,"[0, 1, 3]",sbert,kmeans,0.6875,0.6876,0.6829
3,"[0, 1, 3]",sbert,hac,0.6989,0.662,0.6531
3,"[0, 1, 3]",sbert,spectral,0.2802,0.3277,0.2613
3,"[0, 1, 4]",sbert,kmeans,0.7815,0.787,0.7762
3,"[0, 1, 4]",sbert,hac,0.738,0.7155,0.7111
3,"[0, 1, 4]",sbert,spectral,0.7022,0.7075,0.6936
3,"[0, 1, 4]",sbert,dbscan,0.7719,0.3373,0.1679
3,"[0, 1, 4]",sbert,hdbscan,0.2904,0.2945,0.2554
3,"[0, 2, 3]",sbert,kmeans,0.5101,0.5087,0.5094
3,"[0, 2, 3]",sbert,hac,0.541,0.529,0.5219
3,"[0, 2, 3]",sbert,spectral,0.4697,0.4489,0.4338
3,"[0, 2, 4]",sbert,kmeans,0.7062,0.7069,0.7039
3,"[0, 2, 4]",sbert,hac,0.6637,0.6525,0.636
3,"[0, 2, 4]",sbert,spectral,0.6174,0.5527,0.5425
3,"[0, 2, 4]",sbert,hdbscan,0.3703,0.3328,0.1694
3,"[0, 3, 4]",sbert,kmeans,0.6417,0.6438,0.6416
3,"[0, 3, 4]",sbert,hac,0.6643,0.6568,0.6349
3,"[0, 3, 4]",sbert,spectral,0.582,0.5866,0.5798
3,"[0, 3, 4]",sbert,hdbscan,0.5597,0.297,0.2624
3,"[1, 2, 3]",sbert,kmeans,0.4781,0.5014,0.4841
3,"[1, 2, 3]",sbert,hac,0.5691,0.4999,0.4812
3,"[1, 2, 3]",sbert,spectral,0.4664,0.4909,0.4637
3,"[1, 2, 4]",sbert,kmeans,0.7219,0.7296,0.7197
3,"[1, 2, 4]",sbert,hac,0.618,0.6159,0.5783
3,"[1, 2, 4]",sbert,spectral,0.5043,0.4651,0.4062
3,"[1, 2, 4]",sbert,dbscan,0.6563,0.3628,0.1924
3,"[1, 2, 4]",sbert,hdbscan,0.6126,0.4251,0.3462
3,"[1, 3, 4]",sbert,kmeans,0.6594,0.6688,0.6523
3,"[1, 3, 4]",sbert,hac,0.6682,0.609,0.6064
3,"[1, 3, 4]",sbert,spectral,0.3532,0.4134,0.3693
3,"[2, 3, 4]",sbert,kmeans,0.5391,0.5201,0.5229
3,"[2, 3, 4]",sbert,hac,0.5005,0.4633,0.4581
3,"[2, 3, 4]",sbert,spectral,0.5119,0.4828,0.4729
3,"[2, 3, 4]",sbert,dbscan,0.4813,0.3586,0.2193
4,"[0, 1, 2, 3]",sbert,kmeans,0.4857,0.5069,0.4919
4,"[0, 1, 2, 3]",sbert,hac,0.499,0.4933,0.4809
4,"[0, 1, 2, 3]",sbert,spectral,0.285,0.2983,0.253
4,"[0, 1, 2, 3]",sbert,hdbscan,0.5137,0.2617,0.1404
4,"[0, 1, 2, 4]",sbert,kmeans,0.6771,0.6749,0.6724
4,"[0, 1, 2, 4]",sbert,hac,0.6006,0.5465,0.5508
4,"[0, 1, 2, 4]",sbert,spectral,0.4345,0.4161,0.3574
4,"[0, 1, 3, 4]",sbert,kmeans,0.6219,0.6248,0.6211
4,"[0, 1, 3, 4]",sbert,hac,0.6019,0.5249,0.536
4,"[0, 1, 3, 4]",sbert,spectral,0.3721,0.3919,0.3457
4,"[0, 1, 3, 4]",sbert,dbscan,0.5662,0.253,0.1106
4,"[0, 2, 3, 4]",sbert,kmeans,0.5362,0.5294,0.5293
4,"[0, 2, 3, 4]",sbert,hac,0.4232,0.4393,0.4248
4,"[0, 2, 3, 4]",sbert,spectral,0.4716,0.4681,0.4498
4,"[0, 2, 3, 4]",sbert,hdbscan,0.2892,0.2472,0.1144
4,"[1, 2, 3, 4]",sbert,kmeans,0.5036,0.5126,0.5065
4,"[1, 2, 3, 4]",sbert,hac,0.437,0.4456,0.439
4,"[1, 2, 3, 4]",sbert,spectral,0.3174,0.3315,0.307
5,"[0, 1, 2, 3, 4]",sbert,kmeans,0.5339,0.5306,0.5268
5,"[0, 1, 2, 3, 4]",sbert,hac,0.4971,0.4387,0.4402
5,"[0, 1, 2, 3, 4]",sbert,spectral,0.3376,0.3456,0.3099
5,"[0, 1, 2, 3, 4]",sbert,dbscan,0.5091,0.2027,0.0753
2,"[0, 1]",sroberta,kmeans,0.8832,0.8896,0.8849
2,"[0, 1]",sroberta,hac,0.8647,0.8295,0.8375
2,"[0, 1]",sroberta,spectral,0.8813,0.859,0.8656
2,"[0, 1]",sroberta,dbscan,0.7866,0.5053,0.3749
2,"[0, 1]",sroberta,hdbscan,0.7898,0.518,0.4018
2,"[0, 2]",sroberta,kmeans,0.7917,0.7891,0.7873
2,"[0, 2]",sroberta,hac,0.7738,0.7582,0.7519
2,"[0, 2]",sroberta,spectral,0.7497,0.7494,0.7495
2,"[0, 2]",sroberta,dbscan,0.2539,0.4888,0.3342
2,"[0, 2]",sroberta,hdbscan,0.6574,0.5026,0.3464
2,"[0, 3]",sroberta,kmeans,0.7859,0.8013,0.7728
2,"[0, 3]",sroberta,hac,0.7786,0.7885,0.753
2,"[0, 3]",sroberta,spectral,0.5808,0.5637,0.5594
2,"[0, 3]",sroberta,dbscan,0.3072,0.4888,0.3773
2,"[0, 3]",sroberta,hdbscan,0.8114,0.5065,0.3967
2,"[0, 4]",sroberta,kmeans,0.8715,0.8833,0.8705
2,"[0, 4]",sroberta,hac,0.8446,0.8524,0.847
2,"[0, 4]",sroberta,spectral,0.8596,0.8708,0.8568
2,"[0, 4]",sroberta,dbscan,0.4762,0.4963,0.3955
2,"[0, 4]",sroberta,hdbscan,0.528,0.5283,0.5144
2,"[1, 2]",sroberta,kmeans,0.8197,0.8132,0.8155
2,"[1, 2]",sroberta,hac,0.8291,0.7351,0.7344
2,"[1, 2]",sroberta,spectral,0.546,0.5026,0.3733
2,"[1, 2]",sroberta,dbscan,0.6009,0.5376,0.4738
2,"[1, 2]",sroberta,hdbscan,0.5245,0.5221,0.4969
2,"[1, 3]",sroberta,kmeans,0.7866,0.7796,0.7668
2,"[1, 3]",sroberta,hac,0.7659,0.7504,0.7328
2,"[1, 3]",sroberta,spectral,0.7479,0.7367,0.7388
2,"[1, 3]",sroberta,dbscan,0.2746,0.4968,0.3537
2,"[1, 3]",sroberta,hdbscan,0.7764,0.5039,0.3638
2,"[1, 4]",sroberta,kmeans,0.797,0.8283,0.793
2,"[1, 4]",sroberta,hac,0.8461,0.7491,0.7701
2,"[1, 4]",sroberta,spectral,0.8833,0.813,0.8342
2,"[1, 4]",sroberta,dbscan,0.5061,0.5001,0.2589
2,"[1, 4]",sroberta,hdbscan,0.6403,0.6418,0.641
2,"[2, 3]",sroberta,kmeans,0.5695,0.5574,0.4981
2,"[2, 3]",sroberta,hac,0.4581,0.4762,0.4383
2,"[2, 3]",sroberta,spectral,0.5415,0.5424,0.5227
2,"[2, 3]",sroberta,dbscan,0.4459,0.4984,0.3813
2,"[2, 3]",sroberta,hdbscan,0.8047,0.5052,0.389
2,"[2, 4]",sroberta,kmeans,0.818,0.8312,0.8134
2,"[2, 4]",sroberta,hac,0.7515,0.6911,0.6213
2,"[2, 4]",sroberta,spectral,0.8017,0.81,0.8044
2,"[2, 4]",sroberta,dbscan,0.5534,0.5122,0.4339
2,"[2, 4]",sroberta,hdbscan,0.6387,0.6433,0.6391
2,"[3, 4]",sroberta,kmeans,0.7072,0.7461,0.6988
2,"[3, 4]",sroberta,hac,0.6339,0.654,0.5891
2,"[3, 4]",sroberta,spectral,0.6716,0.6851,0.6764
2,"[3, 4]",sroberta,dbscan,0.5511,0.5131,0.4682
2,"[3, 4]",sroberta,hdbscan,0.6089,0.595,0.5989
3,"[0, 1, 2]",sroberta,kmeans,0.7372,0.7292,0.7314
3,"[0, 1, 2]",sroberta,hac,0.7323,0.68,0.6895
3,"[0, 1, 2]",sroberta,spectral,0.5691,0.5472,0.4639
3,"[0, 1, 2]",sroberta,dbscan,0.7242,0.3391,0.1924
3,"[0, 1, 3]",sroberta,kmeans,0.7302,0.718,0.7098
3,"[0, 1, 3]",sroberta,hac,0.7182,0.6938,0.6814
3,"[0, 1, 3]",sroberta,spectral,0.6302,0.6302,0.6196
3,"[0, 1, 4]",sroberta,kmeans,0.7829,0.7978,0.7774
3,"[0, 1, 4]",sroberta,hac,0.6554,0.6431,0.6335
3,"[0, 1, 4]",sroberta,spectral,0.8049,0.7675,0.7685
3,"[0, 2, 3]",sroberta,kmeans,0.5272,0.5139,0.5188
3,"[0, 2, 3]",sroberta,hac,0.5259,0.5115,0.5144
3,"[0, 2, 3]",sroberta,spectral,0.4982,0.4971,0.4928
3,"[0, 2, 4]",sroberta,kmeans,0.7349,0.7329,0.7287
3,"[0, 2, 4]",sroberta,hac,0.6579,0.6542,0.653
3,"[0, 2, 4]",sroberta,spectral,0.71,0.7109,0.7088
3,"[0, 3, 4]",sroberta,kmeans,0.7045,0.6989,0.6871
3,"[0, 3, 4]",sroberta,hac,0.6422,0.6289,0.6056
3,"[0, 3, 4]",sroberta,spectral,0.6333,0.6314,0.6321
3,"[0, 3, 4]",sroberta,hdbscan,0.5652,0.345,0.2763
3,"[1, 2, 3]",sroberta,kmeans,0.4753,0.4998,0.4822
3,"[1, 2, 3]",sroberta,hac,0.599,0.5327,0.5054
3,"[1, 2, 3]",sroberta,spectral,0.5617,0.5643,0.4956
3,"[1, 2, 4]",sroberta,kmeans,0.7445,0.7444,0.7378
3,"[1, 2, 4]",sroberta,hac,0.7168,0.6229,0.6022
3,"[1, 2, 4]",sroberta,spectral,0.5522,0.5135,0.4491
3,"[1, 2, 4]",sroberta,dbscan,0.4444,0.3358,0.1377
3,"[1, 3, 4]",sroberta,kmeans,0.6941,0.6951,0.678
3,"[1, 3, 4]",sroberta,hac,0.6863,0.6286,0.6329
3,"[1, 3, 4]",sroberta,spectral,0.6723,0.6473,0.6534
3,"[1, 3, 4]",sroberta,dbscan,0.3905,0.3353,0.1489
3,"[2, 3, 4]",sroberta,kmeans,0.5773,0.5496,0.54
3,"[2, 3, 4]",sroberta,hac,0.5395,0.4307,0.4027
3,"[2, 3, 4]",sroberta,spectral,0.6313,0.5513,0.4984
3,"[2, 3, 4]",sroberta,hdbscan,0.6081,0.4167,0.3581
4,"[0, 1, 2, 3]",sroberta,kmeans,0.5239,0.5272,0.5119
4,"[0, 1, 2, 3]",sroberta,hac,0.5791,0.5039,0.4909
4,"[0, 1, 2, 3]",sroberta,spectral,0.5267,0.5246,0.4802
4,"[0, 1, 2, 4]",sroberta,kmeans,0.702,0.6943,0.6939
4,"[0, 1, 2, 4]",sroberta,hac,0.5718,0.505,0.4651
4,"[0, 1, 2, 4]",sroberta,spectral,0.5329,0.5075,0.4618
4,"[0, 1, 3, 4]",sroberta,kmeans,0.6783,0.6628,0.6588
4,"[0, 1, 3, 4]",sroberta,hac,0.6458,0.5908,0.6022
4,"[0, 1, 3, 4]",sroberta,spectral,0.5836,0.5953,0.5624
4,"[0, 2, 3, 4]",sroberta,kmeans,0.5516,0.5408,0.5447
4,"[0, 2, 3, 4]",sroberta,hac,0.5414,0.5036,0.5023
4,"[0, 2, 3, 4]",sroberta,spectral,0.5835,0.5412,0.505
4,"[0, 2, 3, 4]",sroberta,dbscan,0.2878,0.2469,0.1049
4,"[1, 2, 3, 4]",sroberta,kmeans,0.5253,0.53,0.5252
4,"[1, 2, 3, 4]",sroberta,hac,0.5144,0.4992,0.4882
4,"[1, 2, 3, 4]",sroberta,spectral,0.5854,0.5651,0.5249
4,"[1, 2, 3, 4]",sroberta,hdbscan,0.5017,0.3131,0.2117
5,"[0, 1, 2, 3, 4]",sroberta,kmeans,0.5465,0.5451,0.5397
5,"[0, 1, 2, 3, 4]",sroberta,hac,0.4905,0.4897,0.4794
5,"[0, 1, 2, 3, 4]",sroberta,spectral,0.4956,0.4938,0.4547
5,"[0, 1, 2, 3, 4]",sroberta,dbscan,0.228,0.198,0.0743
2,"[0, 1]",mpnet,kmeans,0.8967,0.9003,0.8982
2,"[0, 1]",mpnet,hac,0.8095,0.8154,0.8062
2,"[0, 1]",mpnet,spectral,0.8829,0.8503,0.8584
2,"[0, 1]",mpnet,dbscan,0.7864,0.5042,0.3726
2,"[0, 1]",mpnet,hdbscan,0.7882,0.5117,0.3885
2,"[0, 2]",mpnet,kmeans,0.7982,0.7949,0.7929
2,"[0, 2]",mpnet,hac,0.7812,0.7677,0.7623
2,"[0, 2]",mpnet,spectral,0.7672,0.7664,0.7653
2,"[0, 2]",mpnet,dbscan,0.2504,0.4752,0.328
2,"[0, 2]",mpnet,hdbscan,0.7132,0.5076,0.3573
2,"[0, 3]",mpnet,kmeans,0.7839,0.7989,0.77
2,"[0, 3]",mpnet,hac,0.7604,0.7696,0.7352
2,"[0, 3]",mpnet,spectral,0.52,0.5098,0.4723
2,"[0, 3]",mpnet,dbscan,0.3538,0.4933,0.3816
2,"[0, 3]",mpnet,hdbscan,0.7494,0.5083,0.4018
2,"[0, 4]",mpnet,kmeans,0.8793,0.891,0.8802
2,"[0, 4]",mpnet,hac,0.8474,0.852,0.8293
2,"[0, 4]",mpnet,spectral,0.8454,0.854,0.8356
2,"[0, 4]",mpnet,dbscan,0.5022,0.5003,0.4011
2,"[0, 4]",mpnet,hdbscan,0.5329,0.5339,0.5314
2,"[1, 2]",mpnet,kmeans,0.8591,0.8338,0.8394
2,"[1, 2]",mpnet,hac,0.8435,0.7836,0.7888
2,"[1, 2]",mpnet,spectral,0.8411,0.8342,0.8366
2,"[1, 2]",mpnet,hdbscan,0.5224,0.5218,0.5095
2,"[1, 3]",mpnet,kmeans,0.7978,0.7942,0.7835
2,"[1, 3]",mpnet,hac,0.7797,0.7277,0.6941
2,"[1, 3]",mpnet,spectral,0.7804,0.7823,0.781
2,"[1, 3]",mpnet,dbscan,0.2741,0.4947,0.3528
2,"[1, 4]",mpnet,kmeans,0.8142,0.8466,0.8145
2,"[1, 4]",mpnet,hac,0.7279,0.7361,0.6747
2,"[1, 4]",mpnet,spectral,0.9025,0.8218,0.8454
2,"[1, 4]",mpnet,dbscan,0.6732,0.5017,0.2606
2,"[1, 4]",mpnet,hdbscan,0.6266,0.6135,0.6168
2,"[2, 3]",mpnet,kmeans,0.4402,0.4526,0.4371
2,"[2, 3]",mpnet,hac,0.4497,0.4691,0.4356
2,"[2, 3]",mpnet,spectral,0.4676,0.4738,0.4617
2,"[2, 3]",mpnet,hdbscan,0.6792,0.5031,0.3858
2,"[2, 4]",mpnet,kmeans,0.8105,0.8216,0.7999
2,"[2, 4]",mpnet,hac,0.7547,0.7482,0.7122
2,"[2, 4]",mpnet,spectral,0.7833,0.7949,0.7835
2,"[2, 4]",mpnet,hdbscan,0.6185,0.6229,0.6091
2,"[3, 4]",mpnet,kmeans,0.6933,0.7296,0.6786
2,"[3, 4]",mpnet,hac,0.7149,0.7037,0.7086
2,"[3, 4]",mpnet,spectral,0.6454,0.6574,0.6494
2,"[3, 4]",mpnet,dbscan,0.6508,0.5017,0.2351
2,"[3, 4]",mpnet,hdbscan,0.6288,0.5964,0.6013
3,"[0, 1, 2]",mpnet,kmeans,0.7622,0.7443,0.749
3,"[0, 1, 2]",mpnet,hac,0.7631,0.7044,0.712
3,"[0, 1, 2]",mpnet,spectral,0.7475,0.7234,0.7292
3,"[0, 1, 2]",mpnet,hdbscan,0.235,0.3339,0.1818
3,"[0, 1, 3]",mpnet,kmeans,0.7306,0.718,0.7106
3,"[0, 1, 3]",mpnet,hac,0.7326,0.6965,0.6838
3,"[0, 1, 3]",mpnet,spectral,0.6108,0.6133,0.5948
3,"[0, 1, 3]",mpnet,hdbscan,0.4755,0.3397,0.2129
3,"[0, 1, 4]",mpnet,kmeans,0.8101,0.8162,0.8072
3,"[0, 1, 4]",mpnet,hac,0.7748,0.7121,0.7035
3,"[0, 1, 4]",mpnet,spectral,0.8111,0.7687,0.7698
3,"[0, 1, 4]",mpnet,hdbscan,0.4875,0.3337,0.2747
3,"[0, 2, 3]",mpnet,kmeans,0.5407,0.5461,0.5265
3,"[0, 2, 3]",mpnet,hac,0.5438,0.5298,0.5235
3,"[0, 2, 3]",mpnet,spectral,0.5032,0.5126,0.4988
3,"[0, 2, 3]",mpnet,hdbscan,0.4703,0.3415,0.2064
3,"[0, 2, 4]",mpnet,kmeans,0.7408,0.7387,0.7347
3,"[0, 2, 4]",mpnet,hac,0.6968,0.6471,0.6305
3,"[0, 2, 4]",mpnet,spectral,0.714,0.7104,0.7074
3,"[0, 3, 4]",mpnet,kmeans,0.6989,0.6952,0.6862
3,"[0, 3, 4]",mpnet,hac,0.5863,0.5894,0.5864
3,"[0, 3, 4]",mpnet,spectral,0.5848,0.5964,0.5786
3,"[0, 3, 4]",mpnet,hdbscan,0.6167,0.3512,0.3179
3,"[1, 2, 3]",mpnet,kmeans,0.5004,0.5094,0.5024
3,"[1, 2, 3]",mpnet,hac,0.5932,0.5194,0.4824
3,"[1, 2, 3]",mpnet,spectral,0.493,0.5175,0.4981
3,"[1, 2, 3]",mpnet,hdbscan,0.214,0.341,0.2317
3,"[1, 2, 4]",mpnet,kmeans,0.7524,0.752,0.7418
3,"[1, 2, 4]",mpnet,hac,0.719,0.6696,0.6542
3,"[1, 2, 4]",mpnet,spectral,0.7638,0.7298,0.7345
3,"[1, 2, 4]",mpnet,hdbscan,0.6133,0.4031,0.3341
3,"[1, 3, 4]",mpnet,kmeans,0.6811,0.687,0.6662
3,"[1, 3, 4]",mpnet,hac,0.6217,0.6279,0.6207
3,"[1, 3, 4]",mpnet,spectral,0.671,0.642,0.6481
3,"[1, 3, 4]",mpnet,dbscan,0.4246,0.3408,0.1579
3,"[1, 3, 4]",mpnet,hdbscan,0.6868,0.4415,0.3722
3,"[2, 3, 4]",mpnet,kmeans,0.5396,0.5254,0.5267
3,"[2, 3, 4]",mpnet,hac,0.4834,0.4618,0.4505
3,"[2, 3, 4]",mpnet,spectral,0.5129,0.5051,0.5029
3,"[2, 3, 4]",mpnet,hdbscan,0.6115,0.4049,0.3585
4,"[0, 1, 2, 3]",mpnet,kmeans,0.5126,0.5295,0.5168
4,"[0, 1, 2, 3]",mpnet,hac,0.5835,0.5374,0.5145
4,"[0, 1, 2, 3]",mpnet,spectral,0.5448,0.534,0.5361
4,"[0, 1, 2, 4]",mpnet,kmeans,0.7095,0.7048,0.7025
4,"[0, 1, 2, 4]",mpnet,hac,0.626,0.619,0.6077
4,"[0, 1, 2, 4]",mpnet,spectral,0.4432,0.5293,0.4554
4,"[0, 1, 3, 4]",mpnet,kmeans,0.6769,0.6677,0.6633
4,"[0, 1, 3, 4]",mpnet,hac,0.6433,0.6063,0.5954
4,"[0, 1, 3, 4]",mpnet,spectral,0.3771,0.4278,0.3778
4,"[0, 2, 3, 4]",mpnet,kmeans,0.5264,0.5245,0.5249
4,"[0, 2, 3, 4]",mpnet,hac,0.4711,0.4719,0.467
4,"[0, 2, 3, 4]",mpnet,spectral,0.5046,0.506,0.5036
4,"[1, 2, 3, 4]",mpnet,kmeans,0.5232,0.529,0.5224
4,"[1, 2, 3, 4]",mpnet,hac,0.5918,0.5041,0.49
4,"[1, 2, 3, 4]",mpnet,spectral,0.5435,0.541,0.541
4,"[1, 2, 3, 4]",mpnet,dbscan,0.3261,0.256,0.0967
5,"[0, 1, 2, 3, 4]",mpnet,kmeans,0.5399,0.5445,0.5404
5,"[0, 1, 2, 3, 4]",mpnet,hac,0.4758,0.4713,0.452
5,"[0, 1, 2, 3, 4]",mpnet,spectral,0.3508,0.3942,0.3587
2,"[0, 1]",e5,kmeans,0.9015,0.899,0.9002
2,"[0, 1]",e5,hac,0.8626,0.8655,0.8638
2,"[0, 1]",e5,spectral,0.8923,0.8598,0.8682
2,"[0, 1]",e5,hdbscan,0.6862,0.5034,0.3722
2,"[0, 2]",e5,kmeans,0.8081,0.802,0.7992
2,"[0, 2]",e5,hac,0.7994,0.7835,0.7778
2,"[0, 2]",e5,spectral,0.7928,0.7462,0.7396
2,"[0, 2]",e5,dbscan,0.6146,0.5026,0.3478
2,"[0, 2]",e5,hdbscan,0.6652,0.5086,0.362
2,"[0, 3]",e5,kmeans,0.7912,0.8068,0.7778
2,"[0, 3]",e5,hac,0.7794,0.7816,0.7386
2,"[0, 3]",e5,spectral,0.5477,0.5274,0.5024
2,"[0, 3]",e5,hdbscan,0.7494,0.5083,0.4018
2,"[0, 4]",e5,kmeans,0.8786,0.8888,0.881
2,"[0, 4]",e5,hac,0.8496,0.8599,0.8439
2,"[0, 4]",e5,spectral,0.8806,0.8927,0.8804
2,"[0, 4]",e5,hdbscan,0.7089,0.5112,0.3167
2,"[1, 2]",e5,kmeans,0.8664,0.8484,0.8533
2,"[1, 2]",e5,hac,0.8299,0.7745,0.7792
2,"[1, 2]",e5,spectral,0.5441,0.5028,0.3751
2,"[1, 2]",e5,dbscan,0.5789,0.5708,0.5671
2,"[1, 3]",e5,kmeans,0.7916,0.7802,0.7652
2,"[1, 3]",e5,hac,0.7744,0.767,0.7539
2,"[1, 3]",e5,spectral,0.77,0.7648,0.7664
2,"[1, 3]",e5,dbscan,0.7406,0.5146,0.3882
2,"[1, 3]",e5,hdbscan,0.7767,0.5052,0.3666
2,"[1, 4]",e5,kmeans,0.8618,0.8799,0.8689
2,"[1, 4]",e5,hac,0.8689,0.778,0.8006
2,"[1, 4]",e5,spectral,0.909,0.8393,0.8614
2,"[1, 4]",e5,dbscan,0.6451,0.6342,0.6377
2,"[1, 4]",e5,hdbscan,0.6172,0.6215,0.5711
2,"[2, 3]",e5,kmeans,0.5769,0.5767,0.5496
2,"[2, 3]",e5,hac,0.4868,0.4934,0.4503
2,"[2, 3]",e5,spectral,0.569,0.55,0.4728
2,"[2, 3]",e5,hdbscan,0.7056,0.5087,0.3992
2,"[2, 4]",e5,kmeans,0.819,0.8323,0.8147
2,"[2, 4]",e5,hac,0.7271,0.7271,0.6976
2,"[2, 4]",e5,spectral,0.8447,0.8431,0.8438
2,"[2, 4]",e5,dbscan,0.7001,0.5017,0.2891
2,"[2, 4]",e5,hdbscan,0.6118,0.6026,0.5614
2,"[3, 4]",e5,kmeans,0.6854,0.7203,0.6705
2,"[3, 4]",e5,hac,0.7099,0.707,0.7084
2,"[3, 4]",e5,spectral,0.6529,0.6626,0.6566
2,"[3, 4]",e5,dbscan,0.5927,0.5681,0.5691
2,"[3, 4]",e5,hdbscan,0.6051,0.5911,0.5948
3,"[0, 1, 2]",e5,kmeans,0.7668,0.7557,0.758
3,"[0, 1, 2]",e5,hac,0.7622,0.7175,0.7231
3,"[0, 1, 2]",e5,spectral,0.5885,0.5527,0.472
3,"[0, 1, 2]",e5,dbscan,0.4572,0.335,0.184
3,"[0, 1, 2]",e5,hdbscan,0.553,0.3404,0.1971
3,"[0, 1, 3]",e5,kmeans,0.7072,0.7023,0.6949
3,"[0, 1, 3]",e5,hac,0.6795,0.6682,0.6608
3,"[0, 1, 3]",e5,spectral,0.6013,0.5974,0.5849
3,"[0, 1, 3]",e5,hdbscan,0.4753,0.3385,0.2094
3,"[0, 1, 4]",e5,kmeans,0.8088,0.8159,0.8074
3,"[0, 1, 4]",e5,hac,0.8067,0.7212,0.7362
3,"[0, 1, 4]",e5,spectral,0.8321,0.7764,0.7807
3,"[0, 2, 3]",e5,kmeans,0.5429,0.5297,0.5344
3,"[0, 2, 3]",e5,hac,0.5028,0.5014,0.5002
3,"[0, 2, 3]",e5,spectral,0.5092,0.5069,0.5005
3,"[0, 2, 4]",e5,kmeans,0.7497,0.7501,0.7459
3,"[0, 2, 4]",e5,hac,0.6936,0.6877,0.6876
3,"[0, 2, 4]",e5,spectral,0.7252,0.7251,0.7216
3,"[0, 2, 4]",e5,dbscan,0.32,0.3023,0.1721
3,"[0, 3, 4]",e5,kmeans,0.7022,0.6932,0.6858
3,"[0, 3, 4]",e5,hac,0.6609,0.628,0.6354
3,"[0, 3, 4]",e5,spectral,0.6155,0.617,0.6075
3,"[1, 2, 3]",e5,kmeans,0.5444,0.5458,0.5232
3,"[1, 2, 3]",e5,hac,0.4558,0.4604,0.4171
3,"[1, 2, 3]",e5,spectral,0.519,0.5367,0.5226
3,"[1, 2, 3]",e5,dbscan,0.574,0.3746,0.2673
3,"[1, 2, 3]",e5,hdbscan,0.4258,0.3406,0.2134
3,"[1, 2, 4]",e5,kmeans,0.7455,0.7557,0.7459
3,"[1, 2, 4]",e5,hac,0.6841,0.6966,0.6845
3,"[1, 2, 4]",e5,spectral,0.6249,0.5505,0.4947
3,"[1, 2, 4]",e5,dbscan,0.4385,0.4044,0.3374
3,"[1, 3, 4]",e5,kmeans,0.652,0.6674,0.6454
3,"[1, 3, 4]",e5,hac,0.6627,0.6284,0.6197
3,"[1, 3, 4]",e5,spectral,0.6846,0.65,0.6616
3,"[1, 3, 4]",e5,dbscan,0.6055,0.4102,0.3702
3,"[1, 3, 4]",e5,hdbscan,0.402,0.3693,0.2163
3,"[2, 3, 4]",e5,kmeans,0.5714,0.5531,0.5518
3,"[2, 3, 4]",e5,hac,0.455,0.4823,0.4567
3,"[2, 3, 4]",e5,spectral,0.508,0.5312,0.5073
3,"[2, 3, 4]",e5,dbscan,0.4393,0.3339,0.1629
4,"[0, 1, 2, 3]",e5,kmeans,0.4985,0.5144,0.4959
4,"[0, 1, 2, 3]",e5,hac,0.5429,0.5333,0.5367
4,"[0, 1, 2, 3]",e5,spectral,0.5351,0.5175,0.471
4,"[0, 1, 2, 4]",e5,kmeans,0.723,0.7159,0.7156
4,"[0, 1, 2, 4]",e5,hac,0.6553,0.5655,0.5694
4,"[0, 1, 2, 4]",e5,spectral,0.5941,0.5918,0.5328
4,"[0, 1, 3, 4]",e5,kmeans,0.6721,0.665,0.6598
4,"[0, 1, 3, 4]",e5,hac,0.639,0.6206,0.6248
4,"[0, 1, 3, 4]",e5,spectral,0.6156,0.5918,0.5631
4,"[0, 2, 3, 4]",e5,kmeans,0.568,0.5558,0.5598
4,"[0, 2, 3, 4]",e5,hac,0.485,0.4692,0.4595
4,"[0, 2, 3, 4]",e5,spectral,0.5368,0.5273,0.5118
4,"[1, 2, 3, 4]",e5,kmeans,0.5111,0.5245,0.5093
4,"[1, 2, 3, 4]",e5,hac,0.4896,0.4977,0.4848
4,"[1, 2, 3, 4]",e5,spectral,0.4983,0.5109,0.4999
4,"[1, 2, 3, 4]",e5,dbscan,0.3004,0.2503,0.0855
4,"[1, 2, 3, 4]",e5,hdbscan,0.4736,0.3188,0.2328
5,"[0, 1, 2, 3, 4]",e5,kmeans,0.5217,0.531,0.5213
5,"[0, 1, 2, 3, 4]",e5,hac,0.5465,0.5095,0.5187
5,"[0, 1, 2, 3, 4]",e5,spectral,0.4645,0.4639,0.4235
2,"[0, 1]",instructor,kmeans,0.9017,0.9009,0.9013
2,"[0, 1]",instructor,hac,0.7943,0.7943,0.7785
2,"[0, 1]",instructor,spectral,0.8916,0.8723,0.8784
2,"[0, 1]",instructor,hdbscan,0.6862,0.5034,0.3722
2,"[0, 2]",instructor,kmeans,0.7888,0.7878,0.7866
2,"[0, 2]",instructor,hac,0.7917,0.7731,0.7665
2,"[0, 2]",instructor,spectral,0.6823,0.6427,0.6261
2,"[0, 2]",instructor,hdbscan,0.5905,0.5018,0.346
2,"[0, 3]",instructor,kmeans,0.793,0.8104,0.7859
2,"[0, 3]",instructor,hac,0.7739,0.789,0.7618
2,"[0, 3]",instructor,spectral,0.5597,0.5148,0.447
2,"[0, 3]",instructor,hdbscan,0.813,0.513,0.4104
2,"[0, 4]",instructor,kmeans,0.8662,0.8778,0.8647
2,"[0, 4]",instructor,hac,0.8058,0.8108,0.7904
2,"[0, 4]",instructor,spectral,0.8415,0.8499,0.8316
2,"[0, 4]",instructor,hdbscan,0.5109,0.5106,0.4897
2,"[1, 2]",instructor,kmeans,0.8294,0.8193,0.8224
2,"[1, 2]",instructor,hac,0.839,0.8132,0.8184
2,"[1, 2]",instructor,spectral,0.8395,0.8338,0.8359
2,"[1, 2]",instructor,hdbscan,0.5388,0.5393,0.5366
2,"[1, 3]",instructor,kmeans,0.7936,0.7897,0.7788
2,"[1, 3]",instructor,hac,0.7662,0.7564,0.7418
2,"[1, 3]",instructor,spectral,0.7518,0.7307,0.7328
2,"[1, 3]",instructor,hdbscan,0.5681,0.5038,0.3723
2,"[1, 4]",instructor,kmeans,0.8349,0.8635,0.8418
2,"[1, 4]",instructor,hac,0.8782,0.7582,0.7822
2,"[1, 4]",instructor,spectral,0.8932,0.8006,0.825
2,"[1, 4]",instructor,dbscan,0.6752,0.5107,0.2804
2,"[1, 4]",instructor,hdbscan,0.6391,0.6498,0.6405
2,"[2, 3]",instructor,kmeans,0.5634,0.5519,0.4913
2,"[2, 3]",instructor,hac,0.5733,0.5522,0.4729
2,"[2, 3]",instructor,spectral,0.4702,0.4791,0.4572
2,"[2, 3]",instructor,hdbscan,0.5121,0.5012,0.399
2,"[2, 4]",instructor,kmeans,0.7976,0.8087,0.7883
2,"[2, 4]",instructor,hac,0.755,0.7633,0.7421
2,"[2, 4]",instructor,spectral,0.804,0.6439,0.6309
2,"[2, 4]",instructor,dbscan,0.7023,0.5107,0.3089
2,"[3, 4]",instructor,kmeans,0.6897,0.7251,0.6822
2,"[3, 4]",instructor,hac,0.5921,0.6011,0.594
2,"[3, 4]",instructor,spectral,0.6345,0.636,0.6352
2,"[3, 4]",instructor,dbscan,0.6527,0.5107,0.2549
3,"[0, 1, 2]",instructor,kmeans,0.7457,0.7361,0.7393
3,"[0, 1, 2]",instructor,hac,0.7534,0.6593,0.666
3,"[0, 1, 2]",instructor,spectral,0.4136,0.547,0.4394
3,"[0, 1, 2]",instructor,hdbscan,0.4574,0.3361,0.1864
3,"[0, 1, 3]",instructor,kmeans,0.7207,0.7163,0.7102
3,"[0, 1, 3]",instructor,hac,0.653,0.6482,0.6419
3,"[0, 1, 3]",instructor,spectral,0.293,0.3169,0.1949
3,"[0, 1, 4]",instructor,kmeans,0.8072,0.8125,0.801
3,"[0, 1, 4]",instructor,hac,0.7742,0.6989,0.6995
3,"[0, 1, 4]",instructor,spectral,0.7915,0.7365,0.7356
3,"[0, 1, 4]",instructor,dbscan,0.4395,0.3404,0.175
3,"[0, 1, 4]",instructor,hdbscan,0.6032,0.3452,0.2977
3,"[0, 2, 3]",instructor,kmeans,0.523,0.5092,0.5145
3,"[0, 2, 3]",instructor,hac,0.5612,0.5439,0.4913
3,"[0, 2, 3]",instructor,spectral,0.4017,0.3532,0.2731
3,"[0, 2, 3]",instructor,hdbscan,0.4642,0.3356,0.1924
3,"[0, 2, 4]",instructor,kmeans,0.7264,0.7287,0.7264
3,"[0, 2, 4]",instructor,hac,0.6539,0.6434,0.6472
3,"[0, 2, 4]",instructor,spectral,0.4481,0.5501,0.4645
3,"[0, 2, 4]",instructor,dbscan,0.4333,0.3404,0.1677
3,"[0, 2, 4]",instructor,hdbscan,0.4948,0.3271,0.254
3,"[0, 3, 4]",instructor,kmeans,0.6909,0.6867,0.6758
3,"[0, 3, 4]",instructor,hac,0.6211,0.6,0.6023
3,"[0, 3, 4]",instructor,spectral,0.5218,0.4542,0.4251
3,"[0, 3, 4]",instructor,dbscan,0.4444,0.3404,0.1806
3,"[0, 3, 4]",instructor,hdbscan,0.5009,0.3211,0.2803
3,"[1, 2, 3]",instructor,kmeans,0.4758,0.502,0.4822
3,"[1, 2, 3]",instructor,hac,0.4654,0.4895,0.4595
3,"[1, 2, 3]",instructor,spectral,0.4803,0.5063,0.4828
3,"[1, 2, 4]",instructor,kmeans,0.7397,0.7455,0.736
3,"[1, 2, 4]",instructor,hac,0.6573,0.677,0.6518
3,"[1, 2, 4]",instructor,spectral,0.5418,0.4978,0.4366
3,"[1, 2, 4]",instructor,hdbscan,0.6238,0.3997,0.3306
3,"[1, 3, 4]",instructor,kmeans,0.6778,0.6848,0.6634
3,"[1, 3, 4]",instructor,hac,0.618,0.6261,0.6096
3,"[1, 3, 4]",instructor,spectral,0.4357,0.4146,0.3511
3,"[2, 3, 4]",instructor,kmeans,0.5005,0.5016,0.4994
3,"[2, 3, 4]",instructor,hac,0.5405,0.4426,0.3834
3,"[2, 3, 4]",instructor,spectral,0.4969,0.4906,0.4787
4,"[0, 1, 2, 3]",instructor,kmeans,0.5475,0.5504,0.5307
4,"[0, 1, 2, 3]",instructor,hac,0.5831,0.5111,0.4907
4,"[0, 1, 2, 3]",instructor,spectral,0.2956,0.2186,0.1726
4,"[0, 1, 2, 4]",instructor,kmeans,0.6982,0.6959,0.6949
4,"[0, 1, 2, 4]",instructor,hac,0.5953,0.5859,0.5656
4,"[0, 1, 2, 4]",instructor,spectral,0.5216,0.3644,0.2981
4,"[0, 1, 2, 4]",instructor,hdbscan,0.4012,0.2353,0.1782
4,"[0, 1, 3, 4]",instructor,kmeans,0.6712,0.6656,0.6564
4,"[0, 1, 3, 4]",instructor,hac,0.5959,0.5845,0.5654
4,"[0, 1, 3, 4]",instructor,spectral,0.3628,0.4075,0.3397
4,"[0, 1, 3, 4]",instructor,hdbscan,0.5069,0.2578,0.2078
4,"[0, 2, 3, 4]",instructor,kmeans,0.551,0.5378,0.5363
4,"[0, 2, 3, 4]",instructor,hac,0.4871,0.4692,0.4674
4,"[0, 2, 3, 4]",instructor,spectral,0.502,0.4912,0.4575
4,"[0, 2, 3, 4]",instructor,hdbscan,0.4031,0.2485,0.1901
4,"[1, 2, 3, 4]",instructor,kmeans,0.5096,0.5223,0.5118
4,"[1, 2, 3, 4]",instructor,hac,0.4435,0.4347,0.4071
4,"[1, 2, 3, 4]",instructor,spectral,0.364,0.3591,0.3211
5,"[0, 1, 2, 3, 4]",instructor,kmeans,0.5488,0.5482,0.5385
5,"[0, 1, 2, 3, 4]",instructor,hac,0.4791,0.4654,0.4403
5,"[0, 1, 2, 3, 4]",instructor,spectral,0.3019,0.3009,0.2733
